{
  "pdfCropperData": {
    "Physical Chemistry": {
      "Physical Chemistry Section 1": {
        "1": {
          "que": 1,
          "type": "mcq",
          "options": 4,
          "marks": {
            "cm": 4,
            "im": -1
          },
          "pdfData": [
            {
              "page": 1,
              "x1": 60,
              "y1": 135,
              "x2": 579,
              "y2": 234
            }
          ]
        },
        "2": {
          "que": 2,
          "type": "mcq",
          "options": 4,
          "marks": {
            "cm": 4,
            "im": -1
          },
          "pdfData": [
            {
              "page": 1,
              "x1": 60,
              "y1": 234,
              "x2": 579,
              "y2": 291
            }
          ]
        },
        "3": {
          "que": 3,
          "type": "mcq",
          "options": 4,
          "marks": {
            "cm": 4,
            "im": -1
          },
          "pdfData": [
            {
              "page": 1,
              "x1": 60,
              "y1": 291,
              "x2": 579,
              "y2": 336
            }
          ]
        },
        "4": {
          "que": 4,
          "type": "mcq",
          "options": 4,
          "marks": {
            "cm": 4,
            "im": -1
          },
          "pdfData": [
            {
              "page": 1,
              "x1": 60,
              "y1": 336,
              "x2": 579,
              "y2": 386
            }
          ]
        },
        "5": {
          "que": 5,
          "type": "mcq",
          "options": 4,
          "marks": {
            "cm": 4,
            "im": -1
          },
          "pdfData": [
            {
              "page": 1,
              "x1": 60,
              "y1": 386,
              "x2": 579,
              "y2": 436
            }
          ]
        },
        "6": {
          "que": 6,
          "type": "mcq",
          "options": 4,
          "marks": {
            "cm": 4,
            "im": -1
          },
          "pdfData": [
            {
              "page": 1,
              "x1": 60,
              "y1": 436,
              "x2": 579,
              "y2": 494
            }
          ]
        },
        "7": {
          "que": 7,
          "type": "msq",
          "options": 4,
          "marks": {
            "cm": 4,
            "pm": 1,
            "im": -2
          },
          "pdfData": [
            {
              "page": 1,
              "x1": 66,
              "y1": 511,
              "x2": 569,
              "y2": 630
            }
          ]
        },
        "8": {
          "que": 8,
          "type": "msq",
          "options": 4,
          "marks": {
            "cm": 4,
            "pm": 1,
            "im": -2
          },
          "pdfData": [
            {
              "page": 1,
              "x1": 65,
              "y1": 633,
              "x2": 574,
              "y2": 713
            }
          ]
        },
        "9": {
          "que": 9,
          "type": "nat",
          "marks": {
            "cm": 3,
            "im": -1
          },
          "pdfData": [
            {
              "page": 1,
              "x1": 64,
              "y1": 732,
              "x2": 585,
              "y2": 749
            }
          ]
        },
        "10": {
          "que": 10,
          "type": "nat",
          "marks": {
            "cm": 3,
            "im": -1
          },
          "pdfData": [
            {
              "page": 1,
              "x1": 68,
              "y1": 752,
              "x2": 572,
              "y2": 771
            }
          ]
        }
      }
    }
  },
  "pdfFileHash": "1be8402c0d0eb68decd0efafb8160a26f04a770999a48cc86085b243bd3be9db",
  "testAnswerKey": {
    "Physical Chemistry": {
      "Physical Chemistry Section 1": {
        "1": 3,
        "2": 2,
        "3": 3,
        "4": 4,
        "5": 3,
        "6": 3,
        "7": [
          1,
          3
        ],
        "8": [
          2,
          3
        ],
        "9": "112",
        "10": "2"
      }
    }
  }
}