{
  "pdfCropperData": {
    "Mathematics": {
      "Mathematics Section 1": {
        "1": {
          "que": 1,
          "type": "mcq",
          "marks": {
            "cm": 3,
            "im": -1
          },
          "pdfData": [
            {
              "x1": 49,
              "x2": 565,
              "y1": 137,
              "y2": 242,
              "page": 3
            }
          ],
          "options": 4
        },
        "2": {
          "que": 2,
          "type": "mcq",
          "marks": {
            "cm": 3,
            "im": -1
          },
          "pdfData": [
            {
              "x1": 49,
              "x2": 565,
              "y1": 242,
              "y2": 333,
              "page": 3
            }
          ],
          "options": 4
        },
        "3": {
          "que": 3,
          "type": "mcq",
          "marks": {
            "cm": 3,
            "im": -1
          },
          "pdfData": [
            {
              "x1": 49,
              "x2": 565,
              "y1": 333,
              "y2": 433,
              "page": 3
            }
          ],
          "options": 4
        },
        "4": {
          "que": 4,
          "type": "mcq",
          "marks": {
            "cm": 3,
            "im": -1
          },
          "pdfData": [
            {
              "x1": 49,
              "x2": 565,
              "y1": 433,
              "y2": 514,
              "page": 3
            }
          ],
          "options": 4
        },
        "5": {
          "que": 5,
          "type": "mcq",
          "marks": {
            "cm": 3,
            "im": -1
          },
          "pdfData": [
            {
              "x1": 49,
              "x2": 565,
              "y1": 514,
              "y2": 585,
              "page": 3
            }
          ],
          "options": 4
        }
      },
      "Mathematics Section 2": {
        "6": {
          "que": 6,
          "type": "msq",
          "marks": {
            "cm": 4,
            "pm": 1,
            "im": -2
          },
          "pdfData": [
            {
              "x1": 49,
              "x2": 565,
              "y1": 659,
              "y2": 760,
              "page": 3
            }
          ],
          "options": 4
        },
        "7": {
          "que": 7,
          "type": "msq",
          "marks": {
            "cm": 4,
            "pm": 1,
            "im": -2
          },
          "pdfData": [
            {
              "x1": 49,
              "x2": 565,
              "y1": 50,
              "y2": 131,
              "page": 4
            }
          ],
          "options": 4
        },
        "8": {
          "que": 8,
          "type": "msq",
          "marks": {
            "cm": 4,
            "pm": 1,
            "im": -2
          },
          "pdfData": [
            {
              "x1": 49,
              "x2": 565,
              "y1": 131,
              "y2": 361,
              "page": 4
            }
          ],
          "options": 4
        },
        "9": {
          "que": 9,
          "type": "msq",
          "marks": {
            "cm": 4,
            "pm": 1,
            "im": -2
          },
          "pdfData": [
            {
              "x1": 49,
              "x2": 565,
              "y1": 361,
              "y2": 519,
              "page": 4
            }
          ],
          "options": 4
        },
        "10": {
          "que": 10,
          "type": "msq",
          "marks": {
            "cm": 4,
            "pm": 1,
            "im": -2
          },
          "pdfData": [
            {
              "x1": 49,
              "x2": 565,
              "y1": 519,
              "y2": 765,
              "page": 4
            }
          ],
          "options": 4
        },
        "11": {
          "que": 11,
          "type": "msq",
          "marks": {
            "cm": 4,
            "pm": 1,
            "im": -2
          },
          "pdfData": [
            {
              "x1": 49,
              "x2": 565,
              "y1": 50,
              "y2": 125,
              "page": 5
            }
          ],
          "options": 4
        },
        "12": {
          "que": 12,
          "type": "msq",
          "marks": {
            "cm": 4,
            "pm": 1,
            "im": -2
          },
          "pdfData": [
            {
              "x1": 49,
              "x2": 565,
              "y1": 125,
              "y2": 190,
              "page": 5
            }
          ],
          "options": 4
        },
        "13": {
          "que": 13,
          "type": "msq",
          "marks": {
            "cm": 4,
            "pm": 1,
            "im": -2
          },
          "pdfData": [
            {
              "x1": 49,
              "x2": 565,
              "y1": 190,
              "y2": 325,
              "page": 5
            }
          ],
          "options": 4
        }
      },
      "Mathematics Section 3": {
        "14": {
          "que": 14,
          "type": "nat",
          "marks": {
            "cm": 3,
            "im": 0
          },
          "pdfData": [
            {
              "x1": 57,
              "x2": 562,
              "y1": 388,
              "y2": 424,
              "page": 5
            }
          ]
        },
        "15": {
          "que": 15,
          "type": "nat",
          "marks": {
            "cm": 3,
            "im": 0
          },
          "pdfData": [
            {
              "x1": 57,
              "x2": 562,
              "y1": 424,
              "y2": 462,
              "page": 5
            }
          ]
        },
        "16": {
          "que": 16,
          "type": "nat",
          "marks": {
            "cm": 3,
            "im": 0
          },
          "pdfData": [
            {
              "x1": 57,
              "x2": 562,
              "y1": 462,
              "y2": 498,
              "page": 5
            }
          ]
        },
        "17": {
          "que": 17,
          "type": "nat",
          "marks": {
            "cm": 3,
            "im": 0
          },
          "pdfData": [
            {
              "x1": 57,
              "x2": 562,
              "y1": 498,
              "y2": 546,
              "page": 5
            }
          ]
        },
        "18": {
          "que": 18,
          "type": "nat",
          "marks": {
            "cm": 3,
            "im": 0
          },
          "pdfData": [
            {
              "x1": 57,
              "x2": 562,
              "y1": 546,
              "y2": 610,
              "page": 5
            }
          ]
        }
      }
    }
  },
  "pdfFileHash": "2528c5c60d5d94ba9d65306f914edd32ec0b9c90db81e830845b7bf288db65d9",
  "testAnswerKey": {
    "Mathematics": {
      "Mathematics Section 1": {
        "1": [
          2
        ],
        "2": [
          4
        ],
        "3": [
          2
        ],
        "4": [
          4
        ],
        "5": [
          2
        ]
      },
      "Mathematics Section 2": {
        "6": [
          1,
          2,
          3
        ],
        "7": [
          1,
          2
        ],
        "8": [
          1,
          2
        ],
        "9": [
          1,
          2,
          3
        ],
        "10": [
          1
        ],
        "11": [
          2
        ],
        "12": [
          1,
          2,
          3,
          4
        ],
        "13": [
          2
        ]
      },
      "Mathematics Section 3": {
        "14": "2",
        "15": "8",
        "16": "4",
        "17": "3",
        "18": "3"
      }
    }
  }
}