{
  "pdfCropperData": {
    "Chemistry": {
      "Chemistry Section 1": {
        "1": {
          "que": 1,
          "type": "mcq",
          "options": 4,
          "marks": {
            "cm": 3,
            "im": -1
          },
          "pdfData": [
            {
              "page": 1,
              "x1": 284,
              "y1": 1424,
              "x2": 1289,
              "y2": 1549
            }
          ]
        },
        "2": {
          "que": 2,
          "type": "mcq",
          "options": 4,
          "marks": {
            "cm": 3,
            "im": -1
          },
          "pdfData": [
            {
              "page": 1,
              "x1": 284,
              "y1": 1549,
              "x2": 1289,
              "y2": 1664
            }
          ]
        },
        "3": {
          "que": 3,
          "type": "mcq",
          "options": 4,
          "marks": {
            "cm": 3,
            "im": -1
          },
          "pdfData": [
            {
              "page": 1,
              "x1": 284,
              "y1": 1664,
              "x2": 1289,
              "y2": 1776
            }
          ]
        },
        "4": {
          "que": 4,
          "type": "mcq",
          "options": 4,
          "marks": {
            "cm": 3,
            "im": -1
          },
          "pdfData": [
            {
              "page": 1,
              "x1": 284,
              "y1": 1776,
              "x2": 1289,
              "y2": 1944
            }
          ]
        },
        "5": {
          "que": 5,
          "type": "mcq",
          "options": 4,
          "marks": {
            "cm": 3,
            "im": -1
          },
          "pdfData": [
            {
              "page": 1,
              "x1": 284,
              "y1": 1944,
              "x2": 1289,
              "y2": 2162
            }
          ]
        },
        "6": {
          "que": 6,
          "type": "mcq",
          "options": 4,
          "marks": {
            "cm": 3,
            "im": -1
          },
          "pdfData": [
            {
              "page": 1,
              "x1": 284,
              "y1": 2162,
              "x2": 1289,
              "y2": 2396
            }
          ]
        },
        "7": {
          "que": 7,
          "type": "mcq",
          "options": 4,
          "marks": {
            "cm": 3,
            "im": -1
          },
          "pdfData": [
            {
              "page": 1,
              "x1": 284,
              "y1": 2396,
              "x2": 1289,
              "y2": 2621
            }
          ]
        },
        "8": {
          "que": 8,
          "type": "mcq",
          "options": 4,
          "marks": {
            "cm": 3,
            "im": -1
          },
          "pdfData": [
            {
              "page": 1,
              "x1": 284,
              "y1": 2621,
              "x2": 1289,
              "y2": 2754
            }
          ]
        }
      },
      "Chemistry Section 2": {
        "9": {
          "que": 9,
          "type": "msq",
          "options": 4,
          "marks": {
            "cm": 4,
            "pm": 1,
            "im": -2
          },
          "pdfData": [
            {
              "page": 1,
              "x1": 284,
              "y1": 2872,
              "x2": 1249,
              "y2": 3069
            }
          ]
        },
        "10": {
          "que": 10,
          "type": "msq",
          "options": 4,
          "marks": {
            "cm": 4,
            "pm": 1,
            "im": -2
          },
          "pdfData": [
            {
              "page": 1,
              "x1": 1404,
              "y1": 1327,
              "x2": 2388,
              "y2": 1498
            }
          ]
        },
        "11": {
          "que": 11,
          "type": "msq",
          "options": 4,
          "marks": {
            "cm": 4,
            "pm": 1,
            "im": -2
          },
          "pdfData": [
            {
              "page": 1,
              "x1": 1409,
              "y1": 1493,
              "x2": 2419,
              "y2": 1648
            }
          ]
        },
        "12": {
          "que": 12,
          "type": "msq",
          "options": 4,
          "marks": {
            "cm": 4,
            "pm": 1,
            "im": -2
          },
          "pdfData": [
            {
              "page": 1,
              "x1": 1411,
              "y1": 1648,
              "x2": 2423,
              "y2": 1792
            }
          ]
        },
        "13": {
          "que": 13,
          "type": "msq",
          "options": 4,
          "marks": {
            "cm": 4,
            "pm": 1,
            "im": -2
          },
          "pdfData": [
            {
              "page": 1,
              "x1": 1415,
              "y1": 1788,
              "x2": 2425,
              "y2": 1973
            }
          ]
        }
      },
      "Chemistry Section 3": {
        "14": {
          "que": 14,
          "type": "nat",
          "marks": {
            "cm": 3,
            "im": -1
          },
          "pdfData": [
            {
              "page": 1,
              "x1": 1409,
              "y1": 2658,
              "x2": 2414,
              "y2": 2872
            }
          ]
        },
        "15": {
          "que": 15,
          "type": "nat",
          "marks": {
            "cm": 3,
            "im": -1
          },
          "pdfData": [
            {
              "page": 1,
              "x1": 1406,
              "y1": 2874,
              "x2": 2419,
              "y2": 3108
            }
          ]
        },
        "16": {
          "que": 16,
          "type": "nat",
          "marks": {
            "cm": 3,
            "im": -1
          },
          "pdfData": [
            {
              "page": 2,
              "x1": 262,
              "y1": 276,
              "x2": 1241,
              "y2": 358
            }
          ]
        }
      },
      "Chemistry Section 4 Para Type": {
        "17": {
          "que": 17,
          "type": "mcq",
          "options": 4,
          "marks": {
            "cm": 3,
            "im": -1
          },
          "pdfData": [
            {
              "page": 2,
              "x1": 166,
              "y1": 542,
              "x2": 1270,
              "y2": 1320
            },
            {
              "page": 2,
              "x1": 1392,
              "y1": 280,
              "x2": 2425,
              "y2": 600
            }
          ]
        },
        "18": {
          "que": 18,
          "type": "mcq",
          "options": 4,
          "marks": {
            "cm": 3,
            "im": -1
          },
          "pdfData": [
            {
              "page": 2,
              "x1": 172,
              "y1": 544,
              "x2": 1273,
              "y2": 1311
            },
            {
              "page": 2,
              "x1": 1392,
              "y1": 599,
              "x2": 2426,
              "y2": 806
            }
          ]
        },
        "19": {
          "que": 19,
          "type": "mcq",
          "options": 4,
          "marks": {
            "cm": 3,
            "im": -1
          },
          "pdfData": [
            {
              "page": 2,
              "x1": 168,
              "y1": 543,
              "x2": 1272,
              "y2": 1306
            },
            {
              "page": 2,
              "x1": 1393,
              "y1": 803,
              "x2": 2426,
              "y2": 1062
            }
          ]
        },
        "20": {
          "que": 20,
          "type": "mcq",
          "options": 4,
          "marks": {
            "cm": 3,
            "im": -1
          },
          "pdfData": [
            {
              "page": 2,
              "x1": 166,
              "y1": 546,
              "x2": 1274,
              "y2": 1316
            },
            {
              "page": 2,
              "x1": 1390,
              "y1": 1060,
              "x2": 2430,
              "y2": 1284
            }
          ]
        }
      }
    }
  },
  "pdfFileHash": "7d3b8de09b26c1e974e1260ba9a6227edf6542204dbcae845b29441e0b0c2a75"
}