{
  "pdfCropperData": {
    "Physics": {
      "Physics Section 1": {
        "1": {
          "que": 1,
          "type": "mcq",
          "options": 4,
          "marks": {
            "cm": 4,
            "im": -1
          },
          "pdfData": [
            {
              "page": 1,
              "x1": 62,
              "y1": 119,
              "x2": 574,
              "y2": 183
            }
          ]
        },
        "2": {
          "que": 2,
          "type": "mcq",
          "options": 4,
          "marks": {
            "cm": 4,
            "im": -1
          },
          "pdfData": [
            {
              "page": 1,
              "x1": 62,
              "y1": 183,
              "x2": 574,
              "y2": 260
            }
          ]
        },
        "3": {
          "que": 3,
          "type": "mcq",
          "options": 4,
          "marks": {
            "cm": 4,
            "im": -1
          },
          "pdfData": [
            {
              "page": 1,
              "x1": 62,
              "y1": 260,
              "x2": 574,
              "y2": 308
            }
          ]
        },
        "4": {
          "que": 4,
          "type": "msq",
          "options": 4,
          "marks": {
            "cm": 4,
            "pm": 1,
            "im": -2
          },
          "pdfData": [
            {
              "page": 1,
              "x1": 62,
              "y1": 308,
              "x2": 574,
              "y2": 402
            }
          ]
        },
        "5": {
          "que": 5,
          "type": "mcq",
          "options": 4,
          "marks": {
            "cm": 4,
            "im": -1
          },
          "pdfData": [
            {
              "page": 1,
              "x1": 62,
              "y1": 402,
              "x2": 574,
              "y2": 479
            }
          ]
        },
        "6": {
          "que": 6,
          "type": "mcq",
          "options": 4,
          "marks": {
            "cm": 4,
            "im": -1
          },
          "pdfData": [
            {
              "page": 1,
              "x1": 62,
              "y1": 479,
              "x2": 574,
              "y2": 529
            }
          ]
        },
        "7": {
          "que": 7,
          "type": "mcq",
          "options": 4,
          "marks": {
            "cm": 4,
            "im": -1
          },
          "pdfData": [
            {
              "page": 1,
              "x1": 62,
              "y1": 529,
              "x2": 574,
              "y2": 567
            }
          ]
        },
        "8": {
          "que": 8,
          "type": "mcq",
          "options": 4,
          "marks": {
            "cm": 4,
            "im": -1
          },
          "pdfData": [
            {
              "page": 1,
              "x1": 62,
              "y1": 567,
              "x2": 574,
              "y2": 633
            }
          ]
        },
        "9": {
          "que": 9,
          "type": "msq",
          "options": 4,
          "marks": {
            "cm": 4,
            "pm": 1,
            "im": -2
          },
          "pdfData": [
            {
              "page": 1,
              "x1": 70,
              "y1": 723,
              "x2": 561,
              "y2": 796
            }
          ]
        }
      }
    }
  },
  "pdfFileHash": "727696527c28a53d8ef2af580de44eca1aa14e8897a86790e1bc24cafb13f160",
  "testAnswerKey": {
    "Physics": {
      "Physics Section 1": {
        "1": [
          2
        ],
        "2": [
          1
        ],
        "3": [
          3
        ],
        "4": [
          1,
          2
        ],
        "5": [
          1
        ],
        "6": [
          2
        ],
        "7": [
          4
        ],
        "8": [
          2
        ],
        "9": [
          1,
          2
        ]
      }
    }
  }
}